userId,movieId,title,rating
30,108932,The Lego Movie (2014),4.0
30,33794,Batman Begins (2005),5.0
30,260,Star Wars: Episode IV - A New Hope (1977),5.0
30,112852,Guardians of the Galaxy (2014),5.0
30,79132,Inception (2010),5.0
30,7153,"Lord of the Rings: The Return of the King, The (2003)",5.0
30,1198,Raiders of the Lost Ark (Indiana Jones and the Raiders of the Lost Ark) (1981),5.0
30,109487,Interstellar (2014),5.0
30,111759,Edge of Tomorrow (2014),5.0
30,93510,21 Jump Street (2012),5.0
30,122904,Deadpool (2016),5.0
30,1291,Indiana Jones and the Last Crusade (1989),5.0
30,318,"Shawshank Redemption, The (1994)",5.0
30,91529,"Dark Knight Rises, The (2012)",5.0
30,116823,The Hunger Games: Mockingjay - Part 1 (2014),4.0
30,1210,Star Wars: Episode VI - Return of the Jedi (1983),5.0
30,68358,Star Trek (2009),5.0
30,68954,Up (2009),5.0
30,95510,"Amazing Spider-Man, The (2012)",5.0
30,1196,Star Wars: Episode V - The Empire Strikes Back (1980),5.0
30,2571,"Matrix, The (1999)",5.0
30,96821,"Perks of Being a Wallflower, The (2012)",5.0
30,5952,"Lord of the Rings: The Two Towers, The (2002)",5.0
30,58559,"Dark Knight, The (2008)",5.0
30,115617,Big Hero 6 (2014),5.0
30,110,Braveheart (1995),5.0
30,4993,"Lord of the Rings: The Fellowship of the Ring, The (2001)",5.0
30,60069,WALL·E (2008),5.0
30,59315,Iron Man (2008),5.0
30,97913,Wreck-It Ralph (2012),4.0
30,1036,Die Hard (1988),4.0
31,1356,Star Trek: First Contact (1996),4.0
31,1282,Fantasia (1940),5.0
31,1391,Mars Attacks! (1996),5.0
31,736,Twister (1996),4.0
31,733,"Rock, The (1996)",5.0
31,1302,Field of Dreams (1989),4.0
31,377,Speed (1994),5.0
31,1278,Young Frankenstein (1974),5.0
31,588,Aladdin (1992),5.0
31,605,One Fine Day (1996),4.0
31,1361,Paradise Lost: The Child Murders at Robin Hood Hills (1996),5.0
31,339,While You Were Sleeping (1995),4.0
31,7,Sabrina (1995),4.0
31,1270,Back to the Future (1985),4.0
31,912,Casablanca (1942),5.0
31,1196,Star Wars: Episode V - The Empire Strikes Back (1980),4.0
31,10,GoldenEye (1995),4.0
31,1,Toy Story (1995),5.0
31,1036,Die Hard (1988),5.0
31,5060,M*A*S*H (a.k.a. MASH) (1970),5.0
31,165,Die Hard: With a Vengeance (1995),4.0
31,1057,Everyone Says I Love You (1996),5.0
31,1363,"Preacher's Wife, The (1996)",5.0
31,648,Mission: Impossible (1996),5.0
31,852,Tin Cup (1996),4.0
31,141,"Birdcage, The (1996)",4.0
31,783,"Hunchback of Notre Dame, The (1996)",4.0
31,1073,Willy Wonka & the Chocolate Factory (1971),4.0
31,1214,Alien (1979),4.0
31,1240,"Terminator, The (1984)",4.0
31,1353,"Mirror Has Two Faces, The (1996)",4.0
31,780,Independence Day (a.k.a. ID4) (1996),4.0
31,62,Mr. Holland's Opus (1995),4.0
31,1197,"Princess Bride, The (1987)",5.0
31,1198,Raiders of the Lost Ark (Indiana Jones and the Raiders of the Lost Ark) (1981),4.0
31,784,"Cable Guy, The (1996)",5.0
32,32,Twelve Monkeys (a.k.a. 12 Monkeys) (1995),4.0
32,1429,First Strike (Police Story 4: First Strike) (Ging chaat goo si 4: Ji gaan daan yam mo) (1996),4.0
32,1356,Star Trek: First Contact (1996),4.0
32,1197,"Princess Bride, The (1987)",5.0
32,1104,"Streetcar Named Desire, A (1951)",5.0
32,802,Phenomenon (1996),4.0
32,1196,Star Wars: Episode V - The Empire Strikes Back (1980),4.0
32,852,Tin Cup (1996),4.0
32,1086,Dial M for Murder (1954),4.0
32,1393,Jerry Maguire (1996),4.0
32,1061,Sleepers (1996),4.0
32,1103,Rebel Without a Cause (1955),4.0
32,1084,Bonnie and Clyde (1967),4.0
32,1458,Touch (1997),4.0
32,1391,Mars Attacks! (1996),5.0
32,1036,Die Hard (1988),5.0
32,1198,Raiders of the Lost Ark (Indiana Jones and the Raiders of the Lost Ark) (1981),5.0
32,912,Casablanca (1942),5.0
32,1409,Michael (1996),4.0
32,1073,Willy Wonka & the Chocolate Factory (1971),5.0
32,1079,"Fish Called Wanda, A (1988)",4.0
32,1459,Absolute Power (1997),4.0
32,141,"Birdcage, The (1996)",4.0
32,314,"Secret of Roan Inish, The (1994)",4.0
32,708,"Truth About Cats & Dogs, The (1996)",4.0
32,78,"Crossing Guard, The (1995)",4.0
32,440,Dave (1993),4.0
32,194,Smoke (1995),5.0
32,74,Bed of Roses (1996),4.0
32,21,Get Shorty (1995),4.0
32,761,"Phantom, The (1996)",4.0
32,36,Dead Man Walking (1995),4.0
32,497,Much Ado About Nothing (1993),5.0
32,538,Six Degrees of Separation (1993),5.0
32,203,"To Wong Foo, Thanks for Everything! Julie Newmar (1995)",4.0
32,608,Fargo (1996),5.0
32,25,Leaving Las Vegas (1995),4.0
32,58,"Postman, The (Postino, Il) (1994)",5.0
32,272,"Madness of King George, The (1994)",5.0
32,260,Star Wars: Episode IV - A New Hope (1977),5.0
32,318,"Shawshank Redemption, The (1994)",5.0
32,26,Othello (1995),4.0
32,339,While You Were Sleeping (1995),4.0
32,627,"Last Supper, The (1995)",4.0
32,345,"Adventures of Priscilla, Queen of the Desert, The (1994)",5.0
32,246,Hoop Dreams (1994),4.0
32,296,Pulp Fiction (1994),5.0
32,593,"Silence of the Lambs, The (1991)",5.0
32,7,Sabrina (1995),4.0
32,529,Searching for Bobby Fischer (1993),4.0
32,100,City Hall (1996),4.0
32,592,Batman (1989),5.0
32,527,Schindler's List (1993),4.0
32,539,Sleepless in Seattle (1993),4.0
32,282,Nell (1994),4.0
32,224,Don Juan DeMarco (1995),4.0
32,265,Like Water for Chocolate (Como agua para chocolate) (1992),5.0
32,50,"Usual Suspects, The (1995)",5.0
32,361,It Could Happen to You (1994),4.0
32,733,"Rock, The (1996)",4.0
33,527,Schindler's List (1993),5.0
33,2310,"Mighty, The (1998)",4.0
33,2571,"Matrix, The (1999)",5.0
33,385,"Man of No Importance, A (1994)",4.0
33,337,What's Eating Gilbert Grape (1993),5.0
33,1641,"Full Monty, The (1997)",5.0
33,307,Three Colors: Blue (Trois couleurs: Bleu) (1993),5.0
33,1542,Brassed Off (1996),4.0
33,1446,Kolya (Kolja) (1996),5.0
33,613,Jane Eyre (1996),5.0
33,36,Dead Man Walking (1995),5.0
33,1358,Sling Blade (1996),4.0
33,919,"Wizard of Oz, The (1939)",5.0
33,589,Terminator 2: Judgment Day (1991),4.0
33,2762,"Sixth Sense, The (1999)",4.0
33,28,Persuasion (1995),5.0
33,1777,"Wedding Singer, The (1998)",4.0
33,2580,Go (1999),5.0
33,265,Like Water for Chocolate (Como agua para chocolate) (1992),5.0
33,2943,Indochine (1992),5.0
33,223,Clerks (1994),4.0
33,232,Eat Drink Man Woman (Yin shi nan nu) (1994),4.0
33,356,Forrest Gump (1994),5.0
33,110,Braveheart (1995),5.0
33,261,Little Women (1994),4.0
33,608,Fargo (1996),4.0
33,1280,Raise the Red Lantern (Da hong deng long gao gao gua) (1991),5.0
33,1617,L.A. Confidential (1997),5.0
33,562,Welcome to the Dollhouse (1995),5.0
33,452,Widows' Peak (1994),4.0
33,2028,Saving Private Ryan (1998),5.0
33,308,Three Colors: White (Trzy kolory: Bialy) (1994),4.0
33,17,Sense and Sensibility (1995),4.0
33,1719,"Sweet Hereafter, The (1997)",5.0
33,2539,Analyze This (1999),4.0
33,50,"Usual Suspects, The (1995)",5.0
33,1673,Boogie Nights (1997),5.0
33,715,"Horseman on the Roof, The (Hussard sur le toit, Le) (1995)",4.0
33,1639,Chasing Amy (1997),5.0
33,1888,Hope Floats (1998),4.0
33,497,Much Ado About Nothing (1993),4.0
33,345,"Adventures of Priscilla, Queen of the Desert, The (1994)",4.0
33,475,In the Name of the Father (1993),4.0
33,1537,Shall We Dance? (Shall We Dansu?) (1996),4.0
33,1653,Gattaca (1997),5.0
33,94,Beautiful Girls (1996),4.0
33,39,Clueless (1995),5.0
33,1249,"Femme Nikita, La (Nikita) (1990)",5.0
33,293,Léon: The Professional (a.k.a. The Professional) (Léon) (1994),4.0
33,1801,"Man in the Iron Mask, The (1998)",4.0
33,1188,Strictly Ballroom (1992),4.0
33,151,Rob Roy (1995),4.0
33,272,"Madness of King George, The (1994)",4.0
33,1056,Jude (1996),4.0
33,509,"Piano, The (1993)",5.0
33,866,Bound (1996),4.0
33,2357,Central Station (Central do Brasil) (1998),5.0
33,1721,Titanic (1997),4.0
33,318,"Shawshank Redemption, The (1994)",4.0
33,1393,Jerry Maguire (1996),4.0
33,1245,Miller's Crossing (1990),5.0
33,21,Get Shorty (1995),4.0
33,1633,Ulee's Gold (1997),4.0
33,2080,Lady and the Tramp (1955),4.0
33,1885,"Opposite of Sex, The (1998)",4.0
33,1060,Swingers (1996),5.0
33,457,"Fugitive, The (1993)",5.0
33,2690,"Ideal Husband, An (1999)",4.0
33,994,Big Night (1996),5.0
33,296,Pulp Fiction (1994),5.0
33,1357,Shine (1996),4.0
33,339,While You Were Sleeping (1995),5.0
33,507,"Perfect World, A (1993)",4.0
33,1500,Grosse Pointe Blank (1997),4.0
33,448,Fearless (1993),4.0
33,2875,Sommersby (1993),4.0
33,529,Searching for Bobby Fischer (1993),4.0
33,1210,Star Wars: Episode VI - Return of the Jedi (1983),5.0
33,1545,Ponette (1996),5.0
33,800,Lone Star (1996),4.0
33,58,"Postman, The (Postino, Il) (1994)",4.0
33,2333,Gods and Monsters (1998),4.0
33,1678,"Joy Luck Club, The (1993)",5.0
33,1923,There's Something About Mary (1998),5.0
33,778,Trainspotting (1996),4.0
33,838,Emma (1996),5.0
33,588,Aladdin (1992),5.0
33,2396,Shakespeare in Love (1998),4.0
33,1059,William Shakespeare's Romeo + Juliet (1996),4.0
33,1704,Good Will Hunting (1997),5.0
33,2268,"Few Good Men, A (1992)",4.0
33,1095,Glengarry Glen Ross (1992),4.0
33,428,"Bronx Tale, A (1993)",5.0
33,914,My Fair Lady (1964),5.0
33,2355,"Bug's Life, A (1998)",5.0
33,446,Farewell My Concubine (Ba wang bie ji) (1993),5.0
33,1682,"Truman Show, The (1998)",4.0
33,593,"Silence of the Lambs, The (1991)",5.0
33,2542,"Lock, Stock & Two Smoking Barrels (1998)",4.0
34,2443,Playing by Heart (1998),4.5
34,26606,"Chinese Ghost Story, A (Sinnui yauwan) (1987)",4.5
34,4643,Planet of the Apes (2001),4.0
34,2273,Rush Hour (1998),5.0
34,3793,X-Men (2000),5.0
34,7090,Hero (Ying xiong) (2002),4.5
34,8636,Spider-Man 2 (2004),5.0
34,7451,Mean Girls (2004),4.5
34,318,"Shawshank Redemption, The (1994)",4.0
34,2006,"Mask of Zorro, The (1998)",4.5
34,3996,"Crouching Tiger, Hidden Dragon (Wo hu cang long) (2000)",5.0
34,1527,"Fifth Element, The (1997)",4.5
34,2617,"Mummy, The (1999)",4.0
34,6874,Kill Bill: Vol. 1 (2003),5.0
34,4226,Memento (2000),4.5
34,6711,Lost in Translation (2003),5.0
34,6387,Once a Thief (Zong heng si hai) (1991),4.5
34,5349,Spider-Man (2002),5.0
34,3717,Gone in 60 Seconds (2000),4.5
34,6721,Once Upon a Time in China (Wong Fei Hung) (1991),4.5
34,356,Forrest Gump (1994),4.0
34,4446,Final Fantasy: The Spirits Within (2001),5.0
34,3000,Princess Mononoke (Mononoke-hime) (1997),4.0
34,3624,Shanghai Noon (2000),4.0
34,44974,Hard Candy (2005),4.5
34,27193,Taxi 2 (2000),4.5
34,5378,Star Wars: Episode II - Attack of the Clones (2002),4.0
34,10,GoldenEye (1995),5.0
34,6378,"Italian Job, The (2003)",4.5
34,6857,Ninja Scroll (Jûbei ninpûchô) (1995),4.0
34,377,Speed (1994),4.5
34,6333,X2: X-Men United (2003),5.0
34,6618,Shaolin Soccer (Siu lam juk kau) (2001),5.0
34,4246,Bridget Jones's Diary (2001),4.0
34,3977,Charlie's Angels (2000),4.5
34,27801,Ong-Bak: The Thai Warrior (Ong Bak) (2003),5.0
34,2959,Fight Club (1999),4.0
34,4447,Legally Blonde (2001),4.0
34,45499,X-Men: The Last Stand (2006),5.0
34,6539,Pirates of the Caribbean: The Curse of the Black Pearl (2003),5.0
34,7438,Kill Bill: Vol. 2 (2004),4.5
34,4367,Lara Croft: Tomb Raider (2001),4.5
34,4720,"Others, The (2001)",4.0
34,4973,"Amelie (Fabuleux destin d'Amélie Poulain, Le) (2001)",4.0
35,261,Little Women (1994),5.0
35,62,Mr. Holland's Opus (1995),5.0
35,60,"Indian in the Cupboard, The (1995)",5.0
35,252,I.Q. (1994),4.0
35,185,"Net, The (1995)",5.0
35,222,Circle of Friends (1995),4.0
35,50,"Usual Suspects, The (1995)",5.0
35,236,French Kiss (1995),4.0
35,300,Quiz Show (1994),4.0
35,592,Batman (1989),4.0
35,21,Get Shorty (1995),5.0
35,339,While You Were Sleeping (1995),5.0
35,235,Ed Wood (1994),4.0
35,342,Muriel's Wedding (1994),4.0
35,590,Dances with Wolves (1990),5.0
35,11,"American President, The (1995)",4.0
35,150,Apollo 13 (1995),5.0
36,1262,"Great Escape, The (1963)",4.0
36,3897,Almost Famous (2000),4.5
36,2359,Waking Ned Devine (a.k.a. Waking Ned) (1998),4.5
36,5312,Murder by Numbers (2002),4.0
36,3347,Never Cry Wolf (1983),4.5
36,2376,"View to a Kill, A (1985)",4.0
36,318,"Shawshank Redemption, The (1994)",4.0
36,1617,L.A. Confidential (1997),4.5
36,3363,American Graffiti (1973),4.5
36,1234,"Sting, The (1973)",4.0
37,671,Mystery Science Theater 3000: The Movie (1996),5.0
37,292,Outbreak (1995),4.0
37,296,Pulp Fiction (1994),5.0
37,165,Die Hard: With a Vengeance (1995),5.0
37,590,Dances with Wolves (1990),4.0
37,344,Ace Ventura: Pet Detective (1994),5.0
37,318,"Shawshank Redemption, The (1994)",4.0
37,150,Apollo 13 (1995),5.0
37,316,Stargate (1994),5.0
37,1073,Willy Wonka & the Chocolate Factory (1971),4.0
37,356,Forrest Gump (1994),4.0
37,457,"Fugitive, The (1993)",4.0
37,1061,Sleepers (1996),5.0
37,593,"Silence of the Lambs, The (1991)",5.0
37,349,Clear and Present Danger (1994),4.0
37,231,Dumb & Dumber (Dumb and Dumber) (1994),5.0
38,300,Quiz Show (1994),4.0
38,161,Crimson Tide (1995),4.0
38,350,"Client, The (1994)",4.0
38,368,Maverick (1994),4.0
38,50,"Usual Suspects, The (1995)",5.0
38,592,Batman (1989),4.0
38,590,Dances with Wolves (1990),4.0
38,457,"Fugitive, The (1993)",5.0
38,110,Braveheart (1995),5.0
38,246,Hoop Dreams (1994),5.0
38,168,First Knight (1995),4.0
38,527,Schindler's List (1993),5.0
38,648,Mission: Impossible (1996),4.0
38,224,Don Juan DeMarco (1995),4.0
38,357,Four Weddings and a Funeral (1994),5.0
38,11,"American President, The (1995)",5.0
38,497,Much Ado About Nothing (1993),5.0
38,551,"Nightmare Before Christmas, The (1993)",4.0
38,150,Apollo 13 (1995),4.0
38,223,Clerks (1994),5.0
38,376,"River Wild, The (1994)",4.0
38,595,Beauty and the Beast (1991),4.0
38,318,"Shawshank Redemption, The (1994)",5.0
38,235,Ed Wood (1994),4.0
38,454,"Firm, The (1993)",4.0
38,151,Rob Roy (1995),5.0
39,1729,Jackie Brown (1997),5.0
39,1219,Psycho (1960),5.0
39,50,"Usual Suspects, The (1995)",5.0
39,1127,"Abyss, The (1989)",4.0
39,1097,E.T. the Extra-Terrestrial (1982),4.0
39,260,Star Wars: Episode IV - A New Hope (1977),5.0
39,2342,Hard Core Logo (1996),5.0
39,589,Terminator 2: Judgment Day (1991),4.0
39,1200,Aliens (1986),5.0
39,3911,Best in Show (2000),5.0
39,588,Aladdin (1992),4.0
39,3328,Ghost Dog: The Way of the Samurai (1999),5.0
39,3481,High Fidelity (2000),5.0
39,1248,Touch of Evil (1958),5.0
39,745,Wallace & Gromit: A Close Shave (1995),4.0
39,2391,"Simple Plan, A (1998)",5.0
39,3000,Princess Mononoke (Mononoke-hime) (1997),5.0
39,1027,Robin Hood: Prince of Thieves (1991),4.0
39,1276,Cool Hand Luke (1967),4.0
39,1387,Jaws (1975),5.0
39,1196,Star Wars: Episode V - The Empire Strikes Back (1980),5.0
39,1500,Grosse Pointe Blank (1997),4.0
39,2700,"South Park: Bigger, Longer and Uncut (1999)",5.0
39,2987,Who Framed Roger Rabbit? (1988),4.0
39,3362,Dog Day Afternoon (1975),5.0
39,1394,Raising Arizona (1987),4.0
39,1214,Alien (1979),5.0
39,1025,"Sword in the Stone, The (1963)",4.0
39,1994,Poltergeist (1982),4.0
39,1197,"Princess Bride, The (1987)",5.0
39,1221,"Godfather: Part II, The (1974)",5.0
39,1213,Goodfellas (1990),4.0
39,1408,"Last of the Mohicans, The (1992)",4.0
39,457,"Fugitive, The (1993)",4.0
39,2599,Election (1999),5.0
39,858,"Godfather, The (1972)",4.0
39,1610,"Hunt for Red October, The (1990)",4.0
39,1136,Monty Python and the Holy Grail (1975),4.0
39,1210,Star Wars: Episode VI - Return of the Jedi (1983),5.0
39,1967,Labyrinth (1986),4.0
39,3019,Drugstore Cowboy (1989),5.0
39,3213,Batman: Mask of the Phantasm (1993),5.0
39,1215,Army of Darkness (1993),5.0
39,2118,"Dead Zone, The (1983)",5.0
39,610,Heavy Metal (1981),4.0
39,608,Fargo (1996),5.0
39,2529,Planet of the Apes (1968),4.0
39,1036,Die Hard (1988),4.0
39,2858,American Beauty (1999),5.0
39,593,"Silence of the Lambs, The (1991)",5.0
39,1270,Back to the Future (1985),4.0
39,364,"Lion King, The (1994)",4.0
39,3793,X-Men (2000),4.0
39,1584,Contact (1997),5.0
39,1089,Reservoir Dogs (1992),5.0
39,2580,Go (1999),5.0
39,2366,King Kong (1933),5.0
39,2997,Being John Malkovich (1999),5.0
39,1921,Pi (1998),5.0
39,2571,"Matrix, The (1999)",5.0
39,1198,Raiders of the Lost Ark (Indiana Jones and the Raiders of the Lost Ark) (1981),4.0
39,2912,"Limey, The (1999)",4.0
39,2692,Run Lola Run (Lola rennt) (1998),5.0
39,3745,Titan A.E. (2000),4.0
39,2762,"Sixth Sense, The (1999)",5.0
39,1258,"Shining, The (1980)",5.0
39,296,Pulp Fiction (1994),5.0
39,1968,"Breakfast Club, The (1985)",5.0
39,1291,Indiana Jones and the Last Crusade (1989),5.0
39,592,Batman (1989),4.0
39,1287,Ben-Hur (1959),4.0
40,165,Die Hard: With a Vengeance (1995),4.0
40,21,Get Shorty (1995),4.0
40,82,Antonia's Line (Antonia) (1995),5.0
40,34,Babe (1995),5.0
40,218,Boys on the Side (1995),4.0
40,590,Dances with Wolves (1990),4.0
40,272,"Madness of King George, The (1994)",5.0
40,31,Dangerous Minds (1995),4.0
40,588,Aladdin (1992),4.0
40,317,"Santa Clause, The (1994)",4.0
40,685,It's My Party (1996),5.0
40,314,"Secret of Roan Inish, The (1994)",5.0
40,252,I.Q. (1994),4.0
40,230,Dolores Claiborne (1995),5.0
40,609,Homeward Bound II: Lost in San Francisco (1996),4.0
40,62,Mr. Holland's Opus (1995),5.0
40,454,"Firm, The (1993)",4.0
40,344,Ace Ventura: Pet Detective (1994),4.0
40,110,Braveheart (1995),4.0
40,235,Ed Wood (1994),4.0
40,306,Three Colors: Red (Trois couleurs: Rouge) (1994),5.0
40,158,Casper (1995),4.0
40,236,French Kiss (1995),4.0
40,107,Muppet Treasure Island (1996),4.0
40,203,"To Wong Foo, Thanks for Everything! Julie Newmar (1995)",5.0
40,1,Toy Story (1995),5.0
40,592,Batman (1989),4.0
40,610,Heavy Metal (1981),4.0
40,205,Unstrung Heroes (1995),4.0
40,514,"Ref, The (1994)",5.0
40,440,Dave (1993),4.0
40,307,Three Colors: Blue (Trois couleurs: Bleu) (1993),5.0
40,26,Othello (1995),4.0
40,351,"Corrina, Corrina (1994)",4.0
40,281,Nobody's Fool (1994),5.0
40,362,"Jungle Book, The (1994)",4.0
40,296,Pulp Fiction (1994),5.0
40,491,"Man Without a Face, The (1993)",5.0
40,431,Carlito's Way (1993),5.0
40,308,Three Colors: White (Trzy kolory: Bialy) (1994),5.0
40,327,Tank Girl (1995),4.0
40,265,Like Water for Chocolate (Como agua para chocolate) (1992),5.0
40,266,Legends of the Fall (1994),4.0
40,172,Johnny Mnemonic (1995),4.0
40,367,"Mask, The (1994)",4.0
40,163,Desperado (1995),5.0
40,150,Apollo 13 (1995),5.0
40,46,How to Make an American Quilt (1995),4.0
40,60,"Indian in the Cupboard, The (1995)",4.0
40,318,"Shawshank Redemption, The (1994)",5.0
40,111,Taxi Driver (1976),5.0
40,337,What's Eating Gilbert Grape (1993),5.0
40,121,"Boys of St. Vincent, The (1992)",4.0
40,364,"Lion King, The (1994)",5.0
40,223,Clerks (1994),5.0
40,173,Judge Dredd (1995),4.0
40,224,Don Juan DeMarco (1995),4.0
40,553,Tombstone (1993),5.0
40,371,"Paper, The (1994)",4.0
40,350,"Client, The (1994)",5.0
40,17,Sense and Sensibility (1995),5.0
40,151,Rob Roy (1995),4.0
40,300,Quiz Show (1994),5.0
41,608,Fargo (1996),4.0
41,6287,Anger Management (2003),5.0
41,7361,Eternal Sunshine of the Spotless Mind (2004),4.0
41,3578,Gladiator (2000),4.0
41,112552,Whiplash (2014),4.0
41,66097,Coraline (2009),4.0
41,88163,"Crazy, Stupid, Love. (2011)",4.0
41,35836,"40-Year-Old Virgin, The (2005)",4.0
41,49530,Blood Diamond (2006),4.0
41,8981,Closer (2004),4.0
41,1732,"Big Lebowski, The (1998)",4.0
41,7149,Something's Gotta Give (2003),4.5
41,7173,Along Came Polly (2004),5.0
41,89759,"Separation, A (Jodaeiye Nader az Simin) (2011)",4.0
41,6016,City of God (Cidade de Deus) (2002),4.0
41,5377,About a Boy (2002),4.0
41,4973,"Amelie (Fabuleux destin d'Amélie Poulain, Le) (2001)",4.0
41,30707,Million Dollar Baby (2004),4.0
41,33166,Crash (2004),4.0
41,116897,Wild Tales (2014),5.0
41,139385,The Revenant (2015),4.0
41,3948,Meet the Parents (2000),5.0
41,115569,Nightcrawler (2014),4.0
41,61240,Let the Right One In (Låt den rätte komma in) (2008),4.0
41,5989,Catch Me If You Can (2002),4.0
41,86781,Incendies (2010),4.0
41,46723,Babel (2006),4.0
41,4848,Mulholland Drive (2001),5.0
41,71033,"Secret in Their Eyes, The (El secreto de sus ojos) (2009)",4.0
41,99114,Django Unchained (2012),4.0
41,6377,Finding Nemo (2003),4.0
41,67255,"Girl with the Dragon Tattoo, The (Män som hatar kvinnor) (2009)",4.0
41,58998,Forgetting Sarah Marshall (2008),4.0
41,96829,"Hunt, The (Jagten) (2012)",4.0
41,2692,Run Lola Run (Lola rennt) (1998),4.0
41,593,"Silence of the Lambs, The (1991)",4.0
41,5995,"Pianist, The (2002)",4.0
41,87869,Horrible Bosses (2011),5.0
41,595,Beauty and the Beast (1991),4.0
41,1961,Rain Man (1988),4.0
41,118900,Wild (2014),4.0
41,4235,Amores Perros (Love's a Bitch) (2000),4.0
41,4022,Cast Away (2000),5.0
41,3968,Bedazzled (2000),4.0
41,50872,Ratatouille (2007),4.0
41,1225,Amadeus (1984),4.5
41,2324,Life Is Beautiful (La Vita è bella) (1997),4.0
41,6763,Duplex (2003),5.0
41,6874,Kill Bill: Vol. 1 (2003),5.0
41,1259,Stand by Me (1986),5.0
41,3285,"Beach, The (2000)",4.0
41,7293,50 First Dates (2004),5.0
41,3949,Requiem for a Dream (2000),4.0
41,55247,Into the Wild (2007),4.0
41,57669,In Bruges (2008),4.5
41,4226,Memento (2000),4.0
41,111921,The Fault in Our Stars (2014),4.0
41,6373,Bruce Almighty (2003),4.0
41,30812,"Aviator, The (2004)",4.0
41,296,Pulp Fiction (1994),5.0
41,2160,Rosemary's Baby (1968),5.0
41,293,Léon: The Professional (a.k.a. The Professional) (Léon) (1994),4.0
41,68157,Inglourious Basterds (2009),4.0
41,2858,American Beauty (1999),4.0
41,7438,Kill Bill: Vol. 2 (2004),5.0
41,68954,Up (2009),4.0
41,4027,"O Brother, Where Art Thou? (2000)",4.0
41,1721,Titanic (1997),5.0
41,1219,Psycho (1960),4.0
41,2959,Fight Club (1999),4.0
41,4246,Bridget Jones's Diary (2001),4.0
41,4878,Donnie Darko (2001),5.0
41,55820,No Country for Old Men (2007),5.0
41,2712,Eyes Wide Shut (1999),5.0
41,34162,Wedding Crashers (2005),4.0
41,1206,"Clockwork Orange, A (1971)",5.0
41,1784,As Good as It Gets (1997),4.0
41,3160,Magnolia (1999),4.0
41,41285,Match Point (2005),4.0
41,128360,The Hateful Eight (2015),4.0
41,92259,Intouchables (2011),4.0
41,357,Four Weddings and a Funeral (1994),4.0
41,104879,Prisoners (2013),5.0
41,71899,Mary and Max (2009),4.0
41,55280,Lars and the Real Girl (2007),4.0
41,2329,American History X (1998),4.0
41,97921,Silver Linings Playbook (2012),4.0
41,8949,Sideways (2004),4.0
41,54272,"Simpsons Movie, The (2007)",4.0
41,46578,Little Miss Sunshine (2006),4.0
41,1258,"Shining, The (1980)",5.0
41,106918,"Secret Life of Walter Mitty, The (2013)",4.0
41,4816,Zoolander (2001),5.0
41,778,Trainspotting (1996),4.0
42,86,White Squall (1996),4.0
42,2100,Splash (1984),4.0
42,3841,Air America (1990),5.0
42,4351,Point Break (1991),5.0
42,1653,Gattaca (1997),5.0
42,4005,"Living Daylights, The (1987)",4.0
42,2352,"Big Chill, The (1983)",4.0
42,3173,Any Given Sunday (1999),4.0
42,2694,Big Daddy (1999),4.0
42,3301,"Whole Nine Yards, The (2000)",4.0
42,1573,Face/Off (1997),4.0
42,3717,Gone in 60 Seconds (2000),4.0
42,1625,"Game, The (1997)",4.0
42,1876,Deep Impact (1998),4.0
42,4545,Short Circuit (1986),4.0
42,3252,Scent of a Woman (1992),4.0
42,3441,Red Dawn (1984),4.0
42,4027,"O Brother, Where Art Thou? (2000)",4.0
42,1373,Star Trek V: The Final Frontier (1989),4.0
42,4679,Uncle Buck (1989),4.0
42,1307,When Harry Met Sally... (1989),4.0
42,2423,Christmas Vacation (National Lampoon's Christmas Vacation) (1989),5.0
42,3256,Patriot Games (1992),4.0
42,2605,Entrapment (1999),4.0
42,2427,"Thin Red Line, The (1998)",4.0
42,2407,Cocoon (1985),4.0
42,4509,"Great Outdoors, The (1988)",5.0
42,3502,My Life (1993),5.0
42,1100,Days of Thunder (1990),4.0
42,3617,Road Trip (2000),4.0
42,3186,"Girl, Interrupted (1999)",4.0
42,2028,Saving Private Ryan (1998),5.0
42,4541,"Serpent and the Rainbow, The (1988)",4.0
42,1722,Tomorrow Never Dies (1997),5.0
42,1270,Back to the Future (1985),4.0
42,3082,"World Is Not Enough, The (1999)",5.0
42,2702,Summer of Sam (1999),4.0
42,4621,Look Who's Talking (1989),4.0
42,2023,"Godfather: Part III, The (1990)",5.0
42,1378,Young Guns (1988),5.0
42,4482,"Bright Lights, Big City (1988)",5.0
42,3752,"Me, Myself & Irene (2000)",4.0
42,1222,Full Metal Jacket (1987),5.0
42,1246,Dead Poets Society (1989),5.0
42,2987,Who Framed Roger Rabbit? (1988),4.0
42,2968,Time Bandits (1981),4.0
42,2712,Eyes Wide Shut (1999),5.0
42,1961,Rain Man (1988),4.0
42,3259,Far and Away (1992),4.0
42,2115,Indiana Jones and the Temple of Doom (1984),4.0
42,4623,Major League (1989),4.0
42,2706,American Pie (1999),5.0
42,1213,Goodfellas (1990),5.0
42,1221,"Godfather: Part II, The (1974)",5.0
42,1500,Grosse Pointe Blank (1997),5.0
42,2700,"South Park: Bigger, Longer and Uncut (1999)",4.0
42,2890,Three Kings (1999),4.0
42,4577,Casualties of War (1989),4.0
42,2000,Lethal Weapon (1987),5.0
42,4321,City Slickers (1991),5.0
42,3515,Me Myself I (2000),4.0
42,2081,"Little Mermaid, The (1989)",5.0
42,4359,"Seven Year Itch, The (1955)",4.0
42,4564,Always (1989),5.0
42,3361,Bull Durham (1988),4.0
42,3033,Spaceballs (1987),4.0
42,1374,Star Trek II: The Wrath of Khan (1982),4.0
42,3481,High Fidelity (2000),4.0
42,2297,What Dreams May Come (1998),4.0
42,2110,Dead Men Don't Wear Plaid (1982),4.0
42,4062,Mystic Pizza (1988),4.0
42,2001,Lethal Weapon 2 (1989),4.0
42,2707,Arlington Road (1999),4.0
42,3120,"Distinguished Gentleman, The (1992)",4.0
42,1476,Private Parts (1997),4.0
42,2598,Pushing Tin (1999),4.0
42,2376,"View to a Kill, A (1985)",5.0
42,4293,Summer Rental (1985),4.0
42,1894,Six Days Seven Nights (1998),4.0
42,2329,American History X (1998),5.0
42,1784,As Good as It Gets (1997),5.0
42,1663,Stripes (1981),4.0
42,1805,Wild Things (1998),4.0
42,1704,Good Will Hunting (1997),5.0
42,4084,Beverly Hills Cop II (1987),4.0
42,2915,Risky Business (1983),4.0
42,4396,"Cannonball Run, The (1981)",4.0
42,1124,On Golden Pond (1981),5.0
42,3552,Caddyshack (1980),4.0
42,3408,Erin Brockovich (2000),4.0
42,3253,Wayne's World (1992),4.0
42,2771,Brokedown Palace (1999),4.0
42,1580,Men in Black (a.k.a. MIB) (1997),4.0
42,2671,Notting Hill (1999),4.0
42,3257,"Bodyguard, The (1992)",4.0
42,3142,U2: Rattle and Hum (1988),4.0
42,3946,Get Carter (2000),4.0
42,2335,"Waterboy, The (1998)",4.0
42,1127,"Abyss, The (1989)",4.0
42,1729,Jackie Brown (1997),4.0
42,2997,Being John Malkovich (1999),4.0
42,2146,St. Elmo's Fire (1985),4.0
42,1101,Top Gun (1986),5.0
42,3753,"Patriot, The (2000)",4.0
42,1302,Field of Dreams (1989),4.0
42,2989,For Your Eyes Only (1981),5.0
42,4487,Cocktail (1988),4.0
42,2490,Payback (1999),4.0
42,2505,8MM (1999),4.0
42,4489,Coming to America (1988),5.0
42,1835,City of Angels (1998),4.0
42,1097,E.T. the Extra-Terrestrial (1982),4.0
42,4022,Cast Away (2000),4.0
42,1673,Boogie Nights (1997),5.0
42,3755,"Perfect Storm, The (2000)",5.0
42,2918,Ferris Bueller's Day Off (1986),4.0
42,4102,Eddie Murphy Raw (1987),5.0
42,3098,"Natural, The (1984)",4.0
42,2372,Fletch Lives (1989),5.0
42,3176,"Talented Mr. Ripley, The (1999)",4.0
42,2795,National Lampoon's Vacation (1983),4.0
42,2906,Random Hearts (1999),4.0
42,3450,Grumpy Old Men (1993),5.0
42,3263,White Men Can't Jump (1992),4.0
42,1608,Air Force One (1997),4.0
42,1597,Conspiracy Theory (1997),4.0
42,2990,Licence to Kill (1989),5.0
42,2278,Ronin (1998),5.0
42,4034,Traffic (2000),5.0
42,4280,"World According to Garp, The (1982)",4.0
42,1968,"Breakfast Club, The (1985)",4.0
42,3448,"Good Morning, Vietnam (1987)",5.0
42,4007,Wall Street (1987),5.0
42,2268,"Few Good Men, A (1992)",4.0
42,1485,Liar Liar (1997),4.0
42,2011,Back to the Future Part II (1989),4.0
42,2539,Analyze This (1999),4.0
42,1265,Groundhog Day (1993),5.0
42,2194,"Untouchables, The (1987)",4.0
42,2791,Airplane! (1980),5.0
42,3264,Buffy the Vampire Slayer (1992),4.0
42,1672,"Rainmaker, The (1997)",4.0
42,3100,"River Runs Through It, A (1992)",5.0
42,1231,"Right Stuff, The (1983)",5.0
42,4002,"Planes, Trains & Automobiles (1987)",5.0
42,2763,"Thomas Crown Affair, The (1999)",5.0
42,2804,"Christmas Story, A (1983)",4.0
42,4262,Scarface (1983),5.0
42,1517,Austin Powers: International Man of Mystery (1997),5.0
42,1245,Miller's Crossing (1990),5.0
42,2478,¡Three Amigos! (1986),5.0
42,4018,What Women Want (2000),4.0
42,1610,"Hunt for Red October, The (1990)",4.0
42,2424,You've Got Mail (1998),4.0
42,2263,"Seventh Sign, The (1988)",4.0
42,4085,Beverly Hills Cop (1984),4.0
42,2302,My Cousin Vinny (1992),4.0
42,2497,Message in a Bottle (1999),4.0
42,1093,"Doors, The (1991)",5.0
42,1488,"Devil's Own, The (1997)",4.0
42,2796,Funny Farm (1988),4.0
42,2311,2010: The Year We Make Contact (1984),4.0
42,1285,Heathers (1989),4.0
42,3535,American Psycho (2000),4.0
42,3298,Boiler Room (2000),4.0
42,4349,Catch-22 (1970),4.0
42,4008,Born on the Fourth of July (1989),4.0
42,1191,Madonna: Truth or Dare (1991),4.0
42,1614,In & Out (1997),4.0
42,2568,"Mod Squad, The (1999)",4.0
42,2541,Cruel Intentions (1999),5.0
42,1457,Fools Rush In (1997),4.0
42,4322,Eight Men Out (1988),4.0
42,2502,Office Space (1999),5.0
42,1197,"Princess Bride, The (1987)",5.0
42,1393,Jerry Maguire (1996),4.0
42,1090,Platoon (1986),5.0
42,2683,Austin Powers: The Spy Who Shagged Me (1999),4.0
42,2735,"Golden Child, The (1986)",4.0
42,1466,Donnie Brasco (1997),4.0
42,2805,Mickey Blue Eyes (1999),4.0
42,4041,"Officer and a Gentleman, An (1982)",5.0
42,3387,Who's Harry Crumb? (1989),4.0
42,1210,Star Wars: Episode VI - Return of the Jedi (1983),5.0
42,1645,The Devil's Advocate (1997),4.0
42,2871,Deliverance (1972),5.0
42,2371,Fletch (1985),5.0
42,4516,Johnny Be Good (1988),4.0
42,2571,"Matrix, The (1999)",5.0
42,1479,"Saint, The (1997)",4.0
42,3210,Fast Times at Ridgemont High (1982),4.0
42,2580,Go (1999),4.0
42,2861,For Love of the Game (1999),4.0
42,1923,There's Something About Mary (1998),4.0
42,1379,Young Guns II (1990),5.0
42,185,"Net, The (1995)",4.0
42,509,"Piano, The (1993)",4.0
42,468,"Englishman Who Went Up a Hill But Came Down a Mountain, The (1995)",4.0
42,593,"Silence of the Lambs, The (1991)",5.0
42,1060,Swingers (1996),5.0
42,436,Color of Night (1994),4.0
42,597,Pretty Woman (1990),5.0
42,16,Casino (1995),5.0
42,356,Forrest Gump (1994),5.0
42,260,Star Wars: Episode IV - A New Hope (1977),5.0
42,590,Dances with Wolves (1990),4.0
42,442,Demolition Man (1993),4.0
42,1027,Robin Hood: Prince of Thieves (1991),4.0
42,924,2001: A Space Odyssey (1968),5.0
42,50,"Usual Suspects, The (1995)",5.0
42,648,Mission: Impossible (1996),5.0
42,22,Copycat (1995),5.0
42,708,"Truth About Cats & Dogs, The (1996)",4.0
42,507,"Perfect World, A (1993)",4.0
42,234,Exit to Eden (1994),4.0
42,186,Nine Months (1995),4.0
42,457,"Fugitive, The (1993)",4.0
42,552,"Three Musketeers, The (1993)",4.0
42,252,I.Q. (1994),4.0
42,47,Seven (a.k.a. Se7en) (1995),4.0
42,225,Disclosure (1994),4.0
42,150,Apollo 13 (1995),5.0
42,231,Dumb & Dumber (Dumb and Dumber) (1994),4.0
42,555,True Romance (1993),5.0
42,110,Braveheart (1995),4.0
42,381,When a Man Loves a Woman (1994),4.0
42,364,"Lion King, The (1994)",4.0
42,805,"Time to Kill, A (1996)",5.0
42,11,"American President, The (1995)",5.0
42,540,Sliver (1993),4.0
42,21,Get Shorty (1995),4.0
42,548,Terminal Velocity (1994),4.0
42,276,Milk Money (1994),4.0
42,288,Natural Born Killers (1994),5.0
42,296,Pulp Fiction (1994),5.0
42,350,"Client, The (1994)",4.0
42,10,GoldenEye (1995),5.0
42,144,"Brothers McMullen, The (1995)",4.0
42,912,Casablanca (1942),5.0
42,3,Grumpier Old Men (1995),4.0
42,333,Tommy Boy (1995),5.0
42,527,Schindler's List (1993),4.0
42,227,Drop Zone (1994),4.0
42,858,"Godfather, The (1972)",5.0
42,253,Interview with the Vampire: The Vampire Chronicles (1994),5.0
42,1036,Die Hard (1988),4.0
42,408,8 Seconds (1994),4.0
42,550,Threesome (1994),5.0
42,318,"Shawshank Redemption, The (1994)",4.0
42,223,Clerks (1994),5.0
42,788,"Nutty Professor, The (1996)",4.0
42,553,Tombstone (1993),5.0
42,383,Wyatt Earp (1994),4.0
42,349,Clear and Present Danger (1994),4.0
42,434,Cliffhanger (1993),4.0
42,104,Happy Gilmore (1996),4.0
42,1089,Reservoir Dogs (1992),5.0
42,1061,Sleepers (1996),4.0
42,433,Clean Slate (1994),4.0
43,95,Broken Arrow (1996),4.0
43,276,Milk Money (1994),5.0
43,351,"Corrina, Corrina (1994)",4.0
43,316,Stargate (1994),4.0
43,661,James and the Giant Peach (1996),5.0
43,350,"Client, The (1994)",4.0
43,153,Batman Forever (1995),5.0
43,318,"Shawshank Redemption, The (1994)",4.0
43,11,"American President, The (1995)",4.0
43,432,City Slickers II: The Legend of Curly's Gold (1994),4.0
43,344,Ace Ventura: Pet Detective (1994),4.0
43,329,Star Trek: Generations (1994),5.0
43,158,Casper (1995),5.0
43,238,Far From Home: The Adventures of Yellow Dog (1995),5.0
43,261,Little Women (1994),5.0
43,519,RoboCop 3 (1993),5.0
43,161,Crimson Tide (1995),4.0
43,48,Pocahontas (1995),5.0
43,174,Jury Duty (1995),5.0
43,484,Lassie (1994),5.0
43,23,Assassins (1995),5.0
43,457,"Fugitive, The (1993)",5.0
43,595,Beauty and the Beast (1991),5.0
43,3,Grumpier Old Men (1995),5.0
43,362,"Jungle Book, The (1994)",5.0
43,616,"Aristocats, The (1970)",5.0
43,1,Toy Story (1995),5.0
43,502,"Next Karate Kid, The (1994)",5.0
43,442,Demolition Man (1993),5.0
43,225,Disclosure (1994),4.0
43,193,Showgirls (1995),4.0
43,382,Wolf (1994),5.0
43,1064,Aladdin and the King of Thieves (1996),5.0
43,107,Muppet Treasure Island (1996),5.0
43,435,Coneheads (1993),5.0
43,420,Beverly Hills Cop III (1994),5.0
43,596,Pinocchio (1940),5.0
43,168,First Knight (1995),5.0
43,5,Father of the Bride Part II (1995),5.0
43,1105,Children of the Corn IV: The Gathering (1996),5.0
43,259,Kiss of Death (1995),4.0
43,165,Die Hard: With a Vengeance (1995),5.0
43,587,Ghost (1990),5.0
43,828,"Adventures of Pinocchio, The (1996)",5.0
43,262,"Little Princess, A (1995)",5.0
43,8,Tom and Huck (1995),5.0
43,7,Sabrina (1995),5.0
43,34,Babe (1995),5.0
43,325,National Lampoon's Senior Trip (1995),5.0
43,317,"Santa Clause, The (1994)",4.0
43,277,Miracle on 34th Street (1994),5.0
43,648,Mission: Impossible (1996),5.0
43,610,Heavy Metal (1981),5.0
43,1356,Star Trek: First Contact (1996),5.0
43,520,Robin Hood: Men in Tights (1993),5.0
43,355,"Flintstones, The (1994)",5.0
43,419,"Beverly Hillbillies, The (1993)",5.0
43,592,Batman (1989),5.0
43,783,"Hunchback of Notre Dame, The (1996)",5.0
43,788,"Nutty Professor, The (1996)",5.0
43,575,"Little Rascals, The (1994)",5.0
43,711,Flipper (1996),5.0
43,631,All Dogs Go to Heaven 2 (1996),5.0
43,410,Addams Family Values (1993),4.0
43,150,Apollo 13 (1995),5.0
43,454,"Firm, The (1993)",4.0
43,79,"Juror, The (1996)",5.0
43,480,Jurassic Park (1993),4.0
43,434,Cliffhanger (1993),5.0
43,1073,Willy Wonka & the Chocolate Factory (1971),5.0
43,343,"Baby-Sitters Club, The (1995)",4.0
43,589,Terminator 2: Judgment Day (1991),5.0
43,588,Aladdin (1992),5.0
43,367,"Mask, The (1994)",5.0
43,102,Mr. Wrong (1996),5.0
43,29,"City of Lost Children, The (Cité des enfants perdus, La) (1995)",5.0
43,356,Forrest Gump (1994),5.0
43,208,Waterworld (1995),4.0
43,339,While You Were Sleeping (1995),4.0
43,552,"Three Musketeers, The (1993)",5.0
43,10,GoldenEye (1995),4.0
43,553,Tombstone (1993),4.0
43,57,Home for the Holidays (1995),5.0
43,292,Outbreak (1995),5.0
43,185,"Net, The (1995)",4.0
43,597,Pretty Woman (1990),5.0
43,1084,Bonnie and Clyde (1967),5.0
43,810,Kazaam (1996),5.0
43,500,Mrs. Doubtfire (1993),5.0
43,594,Snow White and the Seven Dwarfs (1937),5.0
43,590,Dances with Wolves (1990),4.0
43,271,Losing Isaiah (1995),5.0
43,47,Seven (a.k.a. Se7en) (1995),4.0
43,609,Homeward Bound II: Lost in San Francisco (1996),5.0
43,60,"Indian in the Cupboard, The (1995)",5.0
43,256,Junior (1994),5.0
43,542,Son in Law (1993),4.0
43,217,"Babysitter, The (1995)",5.0
43,374,Richie Rich (1994),5.0
43,364,"Lion King, The (1994)",5.0
43,253,Interview with the Vampire: The Vampire Chronicles (1994),4.0
43,532,Serial Mom (1994),4.0
44,260,Star Wars: Episode IV - A New Hope (1977),5.0
44,852,Tin Cup (1996),4.0
44,95,Broken Arrow (1996),4.0
44,36,Dead Man Walking (1995),4.0
44,1639,Chasing Amy (1997),5.0
44,1429,First Strike (Police Story 4: First Strike) (Ging chaat goo si 4: Ji gaan daan yam mo) (1996),5.0
44,94,Beautiful Girls (1996),4.0
44,1476,Private Parts (1997),5.0
44,1210,Star Wars: Episode VI - Return of the Jedi (1983),5.0
44,1393,Jerry Maguire (1996),4.0
44,104,Happy Gilmore (1996),4.0
44,663,Kids in the Hall: Brain Candy (1996),4.0
44,733,"Rock, The (1996)",5.0
44,18,Four Rooms (1995),4.0
44,1517,Austin Powers: International Man of Mystery (1997),4.0
44,1552,Con Air (1997),4.0
44,494,Executive Decision (1996),4.0
44,1405,Beavis and Butt-Head Do America (1996),4.0
44,889,1-900 (06) (1994),4.0
44,805,"Time to Kill, A (1996)",4.0
44,737,Barb Wire (1996),5.0
44,1120,"People vs. Larry Flynt, The (1996)",4.0
44,112,Rumble in the Bronx (Hont faan kui) (1995),5.0
45,2485,She's All That (1999),4.0
45,1688,Anastasia (1997),4.0
45,733,"Rock, The (1996)",4.0
45,778,Trainspotting (1996),4.0
45,2598,Pushing Tin (1999),4.0
45,2797,Big (1988),4.0
45,2087,Peter Pan (1953),4.0
45,51080,Breach (2007),4.5
45,3555,U-571 (2000),4.0
45,784,"Cable Guy, The (1996)",4.0
45,3396,"Muppet Movie, The (1979)",4.0
45,1372,Star Trek VI: The Undiscovered Country (1991),5.0
45,33679,Mr. & Mrs. Smith (2005),5.0
45,588,Aladdin (1992),5.0
45,53993,Evan Almighty (2007),4.5
45,3798,What Lies Beneath (2000),5.0
45,500,Mrs. Doubtfire (1993),4.0
45,6377,Finding Nemo (2003),5.0
45,474,In the Line of Fire (1993),5.0
45,2918,Ferris Bueller's Day Off (1986),5.0
45,2841,Stir of Echoes (1999),4.0
45,2571,"Matrix, The (1999)",5.0
45,216,Billy Madison (1995),5.0
45,2080,Lady and the Tramp (1955),4.0
45,2791,Airplane! (1980),4.0
45,4033,Thirteen Days (2000),4.0
45,5445,Minority Report (2002),4.0
45,2687,Tarzan (1999),4.0
45,4896,Harry Potter and the Sorcerer's Stone (a.k.a. Harry Potter and the Philosopher's Stone) (2001),4.0
45,165,Die Hard: With a Vengeance (1995),5.0
45,2890,Three Kings (1999),5.0
45,1961,Rain Man (1988),4.0
45,33145,"Lot Like Love, A (2005)",4.0
45,832,Ransom (1996),4.5
45,2694,Big Daddy (1999),5.0
45,2700,"South Park: Bigger, Longer and Uncut (1999)",5.0
45,1196,Star Wars: Episode V - The Empire Strikes Back (1980),5.0
45,3996,"Crouching Tiger, Hidden Dragon (Wo hu cang long) (2000)",5.0
45,2081,"Little Mermaid, The (1989)",5.0
45,5500,Top Secret! (1984),5.0
45,3753,"Patriot, The (2000)",5.0
45,8528,Dodgeball: A True Underdog Story (2004),5.0
45,1704,Good Will Hunting (1997),5.0
45,1721,Titanic (1997),4.0
45,2504,200 Cigarettes (1999),4.0
45,1370,Die Hard 2 (1990),4.5
45,3536,Keeping the Faith (2000),4.0
45,2124,"Addams Family, The (1991)",4.0
45,3752,"Me, Myself & Irene (2000)",4.0
